,score
1_i127_intr.s,0.7286922770758691
2_i136_intr.s,0.7232635224068803
4_iseg.s,0.7232311951768179
4_idel.s,0.7231430350944745
4_irec.s,0.7231382501218857
1_iseg.s,0.7214806609780653
1_idel.s,0.721333149237032
1_irec.s,0.7213320192586933
4_i123_intr.s,0.7209686322103201
3_i133_intr.s,0.7205320981712936
3_iseg.s,0.719902522060412
3_idel.s,0.719738495626998
3_irec.s,0.7197157028223531
4_orq.s,0.718295709407591
1_orq.s,0.7177729135520969
3_orq.s,0.7177527535793469
4_oseg.s,0.717446639482237
2_iseg.s,0.7173369744793825
4_i124_intr.s,0.7172487810324595
2_idel.s,0.7171259278540633
2_irec.s,0.7171217019030319
3_oseg.s,0.7168073430923765
0_iseg.s,0.7167115350500957
2_orq.s,0.7166333780958475
0_irec.s,0.7165031583579368
0_idel.s,0.7164989317769213
4_i118_intr.s,0.7163028790179801
2_oseg.s,0.7161707366686846
1_oseg.s,0.7160393672066139
1_i131_intr.s,0.715876320260211
1_i132_intr.s,0.7149196731058104
4_eth1_rxpck.s,0.7148915314736523
0_i131_intr.s,0.7138772458084974
2_i141_intr.s,0.7131606474736321
4_eth1_txpck.s,0.7111030247559146
4_i119_intr.s,0.7110277567219506
0_i128_intr.s,0.7108420702151593
0_orq.s,0.7106580246218108
2_i142_intr.s,0.7095889377237131
2_eth1_txpck.s,0.7093220825823096
2_eth1_rxpck.s,0.7086839036573058
0_oseg.s,0.7084419467489389
5_oseg.s,0.7079796655924596
0_eth1_rxpck.s,0.7073794017453118
3_i127_intr.s,0.7045607506639646
5_i141_intr.s,0.7045367328824311
3_i129_intr.s,0.7044282499747972
5_orq.s,0.7041639719984267
2_i139_intr.s,0.704136445063686
15_RxPacktes,0.7040672259214273
15_RxPacktes.1,0.7040672259214273
41_RxPacktes.1,0.7038808281933344
41_RxPacktes,0.7038808281933344
30_TxPacktes.1,0.7037261147678849
30_TxPacktes,0.7037261147678849
29_RxPacktes.1,0.7035724285242523
29_RxPacktes,0.7035724285242523
0_i133_intr.s,0.7035246516260383
40_TxPacktes,0.7035060101374523
40_TxPacktes.1,0.7035060101374523
17_TxPacktes.1,0.7034065142558925
17_TxPacktes,0.7034065142558925
1_i129_intr.s,0.7033590930857262
40_RxPacktes,0.7032982207020224
40_RxPacktes.1,0.7032982207020224
15_TxBytes.1,0.7032351212304497
15_TxBytes,0.7032351212304497
29_TxPacktes.1,0.7031201060002273
29_TxPacktes,0.7031201060002273
41_TxPacktes.1,0.703088061062406
41_TxPacktes,0.703088061062406
17_RxBytes,0.7030456012450459
17_RxBytes.1,0.7030456012450459
3_eth1_txpck.s,0.7029625052774913
40_RxBytes.1,0.7027962613904588
40_RxBytes,0.7027962613904588
41_RxBytes.1,0.7027957484050961
41_RxBytes,0.7027957484050961
30_RxPacktes,0.7026875714340676
30_RxPacktes.1,0.7026875714340676
3_i132_intr.s,0.702625588841778
15_TxPacktes.1,0.7025981950436244
15_TxPacktes,0.7025981950436244
2_i135_intr.s,0.7024549132823124
17_RxPacktes,0.7022934202622931
17_RxPacktes.1,0.7022934202622931
3_eth1_rxpck.s,0.7022598898491448
41_TxBytes,0.7020656792343927
41_TxBytes.1,0.7020656792343927
0_eth1_txpck.s,0.7017227337065642
29_RxBytes,0.7015437469012032
29_RxBytes.1,0.7015437469012032
30_RxBytes,0.7014817596319031
30_RxBytes.1,0.7014817596319031
29_TxBytes.1,0.7014667985774247
29_TxBytes,0.7014667985774247
4_RxPacktes,0.701314650338241
4_RxPacktes.1,0.701314650338241
15_RxBytes,0.7012156871764373
15_RxBytes.1,0.7012156871764373
4_RxBytes,0.7010010274072418
4_RxBytes.1,0.7010010274072418
0_i127_intr.s,0.7009628971118983
40_TxBytes.1,0.700920155529071
40_TxBytes,0.700920155529071
4_TxBytes.1,0.7006935186463099
4_TxBytes,0.7006935186463099
4_TxPacktes.1,0.7006591778834238
4_TxPacktes,0.7006591778834238
30_TxBytes,0.7003581989372473
30_TxBytes.1,0.7003581989372473
1_eth1_txpck.s,0.699738647146176
17_TxBytes.1,0.6994793282055657
17_TxBytes,0.6994793282055657
5_iseg.s,0.6993621635694656
5_irec.s,0.6993513314090176
5_idel.s,0.6993293097036657
2_eth1_rxkB.s,0.6991709956891031
3_i128_intr.s,0.699069005479789
5_eth1_txpck.s,0.6987332640686481
1_eth1_rxpck.s,0.6985513205900987
0_eth1_rxkB.s,0.6964239453074308
0_i132_intr.s,0.6955867670514833
4_eth1_rxkB.s,0.6949274904593356
5_eth1_rxpck.s,0.6947266945939826
2_eth1_.ifutil,0.694629488001321
4_eth1_txkB.s,0.6935687204591174
20_TxPacktes,0.6934746749312758
20_TxPacktes.1,0.6934746749312758
21_RxPacktes.1,0.6933791121024508
21_RxPacktes,0.6933791121024508
2_eth1_txkB.s,0.6931302917418346
20_TxBytes.1,0.6930136835517594
20_TxBytes,0.6930136835517594
21_TxBytes,0.6925033983437924
21_TxBytes.1,0.6925033983437924
0_TxBytes,0.6920276220817608
0_TxBytes.1,0.6920276220817608
21_TxPacktes,0.6916380775430341
21_TxPacktes.1,0.6916380775430341
21_RxBytes,0.6914411710302489
21_RxBytes.1,0.6914411710302489
0_RxBytes,0.6911443891438573
0_RxBytes.1,0.6911443891438573
2_i138_intr.s,0.6910729618811329
20_RxPacktes,0.6910136513392175
20_RxPacktes.1,0.6910136513392175
20_RxBytes.1,0.6909726135039381
20_RxBytes,0.6909726135039381
5_i136_intr.s,0.6908057697843318
0_TxPacktes.1,0.6906789245743863
0_TxPacktes,0.6906789245743863
4_eth1_.ifutil,0.6906743365580885
0_RxPacktes,0.6902098959438061
0_RxPacktes.1,0.6902098959438061
1_i128_intr.s,0.690127045595631
0_i129_intr.s,0.6894235030265344
3_eth1_rxkB.s,0.6886056855549262
1_eth1_rxkB.s,0.6884085075427748
5_i137_intr.s,0.6871356930653574
5_i142_intr.s,0.6870481754881316
5_i139_intr.s,0.6868537863809796
3_eth1_txkB.s,0.6856021537096103
2_i140_intr.s,0.6855766035438751
34_RxBytes.1,0.6853510411151126
34_RxBytes,0.6853510411151126
3_eth1_.ifutil,0.6853409538108244
34_TxBytes.1,0.6853250939769779
34_TxBytes,0.6853250939769779
4_i122_intr.s,0.6842918038992579
34_RxPacktes.1,0.6842330514179115
34_RxPacktes,0.6842330514179115
0_eth1_.ifutil,0.6837818733057213
0_eth1_txkB.s,0.6836198667932192
3_i126_intr.s,0.6819356570084735
1_eth1_.ifutil,0.6810525688634558
34_TxPacktes,0.6803368772938787
34_TxPacktes.1,0.6803368772938787
1_eth1_txkB.s,0.6798602392989189
3_i131_intr.s,0.6790633915956041
5_eth1_txkB.s,0.6760763123188751
5_eth1_.ifutil,0.6751249762713214
4_i120_intr.s,0.6732307525518093
5_eth1_rxkB.s,0.6726590707079274
1_i130_intr.s,0.6720779597979619
3_i130_intr.s,0.6714680263022447
36_TxBytes.1,0.6669734799221562
36_TxBytes,0.6669734799221562
1_i126_intr.s,0.6669422970897153
4_i121_intr.s,0.6637200705174124
5_i140_intr.s,0.6601689446333655
1_i133_intr.s,0.6578494496282136
2_i137_intr.s,0.6569853301875508
36_TxPacktes,0.6538347826701945
36_TxPacktes.1,0.6538347826701945
36_RxBytes,0.6536144400967331
36_RxBytes.1,0.6536144400967331
0_i130_intr.s,0.6526153485804098
36_RxPacktes.1,0.6516868341088592
36_RxPacktes,0.6516868341088592
5_i138_intr.s,0.6507365817503038
4_i117_intr.s,0.6384057727064242
5_i135_intr.s,0.6045596653208235
0_i126_intr.s,0.5463874421671632
3_sum_intr.s,0.44302795863163585
1_sum_intr.s,0.44173001966804915
1_ldavg.15,0.4342443961267643
4_temp1_.temp,0.422055285486508
4_temp2_.temp,0.422055285486508
4_temp1_degC,0.42186109801122934
4_temp2_degC,0.42186109801122934
1_temp1_.temp,0.41392689787149656
1_temp1_degC,0.41382836393624894
5_temp2_degC,0.4057964827313039
5_temp1_degC,0.4057964827313039
5_temp2_.temp,0.40543558058990825
5_temp1_.temp,0.40543558058990825
0_sum_intr.s,0.3896880476084234
2_kbinact,0.38014369486239963
4_sum_intr.s,0.3761620729472134
0_temp1_.temp,0.362547936917088
0_temp1_degC,0.36249704975292546
5_ldavg.5,0.3561584455611173
4_all_..soft,0.3549343239117415
5_temp4_.temp,0.35441338594936034
5_temp4_degC,0.35399303103538565
5_temp3_.temp,0.35321242581520884
5_temp3_degC,0.35277747485056055
5_all_..soft,0.3479807938649175
1_ldavg.5,0.32882436209392024
1_all_..soft,0.32832501418354265
4_totsck,0.3268331046907938
3_temp1_.temp,0.326033733740902
3_temp1_degC,0.3253901199134795
4_tcpsck,0.32514435406823194
3_all_..soft,0.32415102881265895
3_kbmemfree,0.3162669942886836
2_all_..soft,0.3153024463817336
3_X.dev.mapper.cloud..8.root_Ifree,0.3149421664409422
3_X.dev.mapper.cloud..8.root_MBfsfree,0.31486948183620017
0_all_..soft,0.3147266735122449
3_cpu13_.soft,0.31451622656138234
5_ldavg.15,0.31236899901197734
5_sum_intr.s,0.3081730762966886
2_temp2_.temp,0.3052634914679177
1_temp2_.temp,0.30522790226597135
2_temp2_degC,0.30502129198261624
1_temp2_degC,0.30481952456092226
2_temp1_.temp,0.2976932423574397
2_temp1_degC,0.29754310718751054
1_temp3_.temp,0.29721085184374374
1_temp4_.temp,0.2968846410927712
1_temp3_degC,0.29683781893534433
1_temp4_degC,0.29648073003736614
5_kbmemused,0.2840505078176794
5_X..memused,0.28404242479842917
0_ldavg.15,0.2818774903759426
5_kbcached,0.2798797174025925
2_sum_intr.s,0.2734025561852746
5_X.dev.mapper.cloud..5.root_Iused,0.27057947815695377
0_X.dev.mapper.cloud..2.root_MBfsfree,0.2698447215221529
5_cpu11_.iowait,0.2696639776370807
2_X.dev.mapper.cloud..7.root_MBfsfree,0.26861973725776367
4_kbinact,0.26831224456356906
2_X.dev.mapper.cloud..7.root_Ifree,0.264551567966671
2_passive.s,0.263089676243441
0_ldavg.5,0.2607575037842532
0_X.dev.mapper.cloud..2.root_Ifree,0.2564915718681021
5_X.dev.mapper.cloud..5.root_MBfsused,0.25630680663936684
5_X.dev.mapper.cloud..5.root_.fsused,0.25617161344818606
5_X.dev.mapper.cloud..5.root_.ufsused,0.2560331160295201
2_kbmemfree,0.2548037472144861
5_kbactive,0.2533583188932962
3_kbinact,0.24272106406585833
0_temp4_degC,0.24041600771283458
0_temp4_.temp,0.24035497824676802
2_cpu0_.usr,0.2396049123545429
0_temp2_.temp,0.23920937136661155
0_temp2_degC,0.2390205634390339
0_kbmemfree,0.23811499453703608
0_temp3_degC,0.2376780740786272
0_temp3_.temp,0.23762563939347595
1_X.dev.mapper.cloud..3.root_MBfsfree,0.2339931843535053
3_cpu15_.usr,0.2332246410212669
5_X..swpcad,0.22789062138279872
5_kbswpcad,0.2274036534306437
4_X.dev.mapper.cloud..9.root_MBfsfree,0.2254823447242141
3_kbdirty,0.2252037502510525
2_kbbuffers,0.22477002049269892
4_kbmemfree,0.22303256221324072
1_X..swpcad,0.22163934566136057
1_X.dev.mapper.cloud..3.root_Ifree,0.220786350501207
4_X.dev.mapper.cloud..9.root_Ifree,0.21393913674857484
1_kbinact,0.2101463018020015
1_X..commit,0.20979593916556522
1_kbcommit,0.20979593916556497
3_ldavg.15,0.20771346158032475
1_kbmemfree,0.2029803432011075
3_cpu13_.usr,0.20060069565305844
4_dev252.0_rd_sec.s,0.19946941571825258
4_rtps,0.19740419718391464
1_kbswpcad,0.19708010677416923
4_pgpgin.s,0.19685542462049
4_dev8.5_rd_sec.s,0.1961951454478768
4_dev8.0_rd_sec.s,0.19606139167857317
3_temp2_.temp,0.19579293277489984
3_temp2_degC,0.19576611427285057
5_cpu11_.sys,0.19527375756936505
5_kbdirty,0.19488315582795324
1_all_..sys,0.1946514350851953
0_kbdirty,0.19423606738828814
4_bread.s,0.19383544153719495
2_ldavg.5,0.19240776175287103
1_kbdirty,0.1922211543732918
4_cpu12_.usr,0.19142638106196055
0_kbinact,0.18944130461698735
0_kbcommit,0.18814634922722012
4_cswch.s,0.1880343959387886
5_rtps,0.18212743809351925
1_cpu0_.usr,0.18202593044065182
3_all_..sys,0.17832588076309186
0_all_..sys,0.17795200824062368
2_file.nr,0.17699319577880906
0_X..commit,0.17054713340757066
5_cpu18_.usr,0.1690647471473396
4_dev8.5_tps,0.16862478178719892
4_dev8.0_tps,0.16807469480241466
2_rtps,0.1675891770633097
2_cpu22_.usr,0.16675374013719232
4_tps,0.16665159112439754
4_i116_intr.s,0.16603011074885346
5_cpu22_.usr,0.16594463305594204
4_cpu0_.usr,0.16546429170687685
2_dev252.0_rd_sec.s,0.16366236145879087
2_pgpgin.s,0.16199906449539667
2_dev8.0_rd_sec.s,0.1614544189844083
2_dev8.5_rd_sec.s,0.1614544189844083
4_dev252.0_tps,0.16137953866440077
4_kbdirty,0.16099814464106707
5_dev8.5_tps,0.16047525718045622
2_bread.s,0.1604131283906276
5_inode.nr,0.16029356715870013
5_tps,0.16021176098481776
5_dev8.0_tps,0.1600047548734598
5_dev252.0_tps,0.1596026158622628
5_i116_intr.s,0.15959103723414503
5_frmpg.s,0.159573066178612
0_kbswpused,0.15824850064413024
2_cpu0_.soft,0.15819003829729003
5_all_..sys,0.15810904054555608
1_cpu2_.usr,0.15803597239947306
4_dev8.5_.util,0.1575353788442528
4_all_..usr,0.15355579103067427
1_pgfree.s,0.15334162689326183
5_pgfree.s,0.1514349584433133
5_cpu4_.usr,0.1512955612514525
2_all_..usr,0.1505059248854592
4_campg.s,0.149879881779767
1_cpu0_.soft,0.1497439791838939
2_cpu14_.usr,0.14918036367288873
5_all_..usr,0.14891066123374916
2_dev8.5_tps,0.14733132924130446
0_rtps,0.1466845284369738
2_dev8.0_tps,0.14558786424903494
1_campg.s,0.14531057284800894
2_cpu10_.usr,0.14520381940693883
4_dev252.0_.util,0.14502123838497427
5_tcp6sck,0.1449963575759172
5_totsck,0.1449891975634817
2_tps,0.14496425494150814
4_dev8.0_.util,0.14483422548833508
0_cpu2_.usr,0.14479455828662244
5_cpu18_.soft,0.14441793566332833
3_temp4_degC,0.1434474873180106
2_i116_intr.s,0.1433071293049178
3_temp4_.temp,0.14299015648235788
5_cpu8_.usr,0.14241706745935023
3_cpu13_.sys,0.1402989303679392
0_dev252.0_rd_sec.s,0.1391939171654038
2_dev252.0_tps,0.1391807465377907
1_all_..usr,0.1369315865869518
4_cpu12_.soft,0.1364900006637768
1_dev8.5_.util,0.13644337071077842
3_rtps,0.13480006983005297
3_cpu15_.sys,0.13336193029515248
2_dev8.5_.util,0.13231597198363984
5_ldavg.1,0.1320673043489335
3_temp3_degC,0.1305972896353277
3_temp3_.temp,0.1302523237449851
1_ldavg.1,0.12963790981886397
2_cpu8_.usr,0.12920315633969856
1_dev252.0_.util,0.12890619121545258
5_cpu18_.sys,0.12883638748790374
1_dev8.0_.util,0.12844493035340537
4_cpu12_.sys,0.12772510535918816
1_all_..iowait,0.12678646092450424
4_cpu22_.usr,0.1266423478132434
2_temp4_.temp,0.12616979379276747
2_temp4_degC,0.12607761729502848
2_kbdirty,0.1258573421592532
4_cpu16_.usr,0.12515731433840835
5_cpu4_.sys,0.12497460497436146
2_cpu22_.soft,0.1249519455398077
0_cpu2_.soft,0.12454153637684653
5_cpu2_.soft,0.12420491304361742
2_dev8.0_.util,0.1242012493398779
1_cpu14_.soft,0.12408558020309428
4_temp4_.temp,0.12399510792936533
4_temp3_.temp,0.12397107479303575
4_temp4_degC,0.12379772455020337
4_temp3_degC,0.12377406273459846
2_dev252.0_.util,0.1237685232797186
4_all_..iowait,0.12256579723322517
2_all_..iowait,0.12252221089549487
4_cpu20_.usr,0.12236914768176178
3_cpu21_.sys,0.12203370921620722
3_cpu17_.usr,0.12172787860280813
2_cpu18_.usr,0.12167063143010592
2_cpu12_.usr,0.12113073490606162
2_cpu20_.usr,0.11984691006287336
4_cpu16_.soft,0.11886172874081605
0_i116_intr.s,0.117528965100784
0_cpu0_.sys,0.11661275781190934
0_all_..usr,0.11646962570521602
1_cpu6_.usr,0.11629418277964843
3_all_..usr,0.11588369121436516
5_dev252.0_.util,0.11551576962619775
5_dev8.5_.util,0.11508989262948513
0_cpu8_.usr,0.11441934636976434
5_cpu20_.usr,0.1144003832000155
4_cpu6_.soft,0.11438037986999164
1_cpu18_.usr,0.1139734006200713
3_dev252.0_rd_sec.s,0.11377538248720247
4_file.nr,0.11338582199737618
0_tps,0.11303359491275221
4_cpu10_.usr,0.11240475264877792
4_cpu22_.soft,0.11236378065677041
1_cpu20_.usr,0.11215016334457724
0_dev8.0_tps,0.11194474211690636
0_dev8.5_tps,0.11185963850510725
5_dev8.0_.util,0.11161121178211775
3_dev8.5_rd_sec.s,0.11016672852185774
3_dev8.0_rd_sec.s,0.11016672852185774
5_cswch.s,0.10995781611875124
4_cpu14_.usr,0.10882092101708114
2_cpu6_.usr,0.108384503657984
2_temp3_.temp,0.10826628330528361
2_temp3_degC,0.10819259515889473
2_ldavg.1,0.10807630013724955
2_ldavg.15,0.10790138175354855
0_cpu12_.usr,0.10743042913534916
0_cpu4_.usr,0.10730434807928652
4_cpu0_.soft,0.10706558104330742
5_cpu20_.soft,0.10611428984432694
5_cpu1_.sys,0.10567027260589157
0_dev8.5_.util,0.10559574058352124
0_dev8.0_.util,0.10559574058352124
2_cpu2_.usr,0.10522706141132597
0_cpu14_.usr,0.10503960920417041
3_cpu22_.sys,0.10491727842713734
4_cpu6_.usr,0.10383466921449039
1_cpu14_.usr,0.10348596839406876
0_ldavg.1,0.10275509731850326
4_cpu8_.usr,0.10258748727635658
4_dev8.0_avgqu.sz,0.10255969452855418
5_cpu0_.usr,0.10253134483979698
4_dev8.5_avgqu.sz,0.10248394777621586
5_bread.s,0.10228619249701668
5_dev8.5_rd_sec.s,0.10225828369794887
5_dev8.0_rd_sec.s,0.10224497624036812
5_dev252.0_rd_sec.s,0.10223753967582433
0_cpu20_.usr,0.10213699218641356
5_pgpgin.s,0.10200406928858326
0_dev252.0_.util,0.10171372155016983
0_cpu2_.sys,0.10156756036843068
4_ldavg.5,0.10156220857814444
0_cpu18_.usr,0.10153079283383121
3_bread.s,0.10104774961886406
4_dev252.0_avgqu.sz,0.10100987371169
1_fault.s,0.10095760595189361
3_cpu21_.usr,0.1007495263354361
0_dev252.0_tps,0.10072915476225283
3_pgpgin.s,0.10009965998515315
4_cpu2_.usr,0.10003831365837121
0_cpu10_.usr,0.0998962985594824
4_cpu18_.soft,0.09983210765221383
5_cpu2_.sys,0.0996674929432693
1_kbswpused,0.0988460031851897
3_cpu19_.sys,0.09884553835426999
3_dev8.5_tps,0.09851018067193502
0_cpu0_.usr,0.09839935569395697
4_cpu2_.soft,0.09823614623470685
3_dev8.0_tps,0.09797688126452686
0_bread.s,0.09714813733922262
1_cpu22_.usr,0.09684505073177237
0_pgpgin.s,0.09680547385567038
3_dev252.0_tps,0.09678992244031875
1_cpu16_.usr,0.09666205565366419
3_cpu19_.usr,0.09651678941186911
0_dev8.0_rd_sec.s,0.09603834931585489
0_dev8.5_rd_sec.s,0.09601718338433045
3_ldavg.5,0.09550983575779562
0_cpu18_.soft,0.09472212764837167
1_cpu0_.sys,0.09428671673469674
1_dev8.5_await,0.09410666372985405
2_all_..sys,0.09382878997764421
5_cpu14_.soft,0.09339254459124977
2_cpu6_.sys,0.09321755998432521
3_i116_intr.s,0.09314839891620831
3_tps,0.0927205971589465
1_X..swpused,0.09271242676587396
4_cpu4_.usr,0.09271186837741828
2_cpu20_.soft,0.0925117628957987
0_cpu6_.sys,0.09221447565326873
4_cpu21_.sys,0.09160342184414283
2_cpu16_.usr,0.09146967574220552
1_cpu4_.usr,0.0913807411910735
1_cpu22_.sys,0.09136846484873808
4_cpu20_.soft,0.09129962797878649
1_cpu2_.sys,0.09068268848512995
1_dev8.0_await,0.0904412932190933
5_cpu22_.soft,0.08919424850079082
2_cpu20_.iowait,0.08880149331062043
2_cpu7_.usr,0.08856954361326246
5_cpu4_.soft,0.0883309127496656
0_cpu10_.soft,0.08812598712072177
5_cpu16_.usr,0.08795599430593305
0_cpu10_.sys,0.08785149254882683
2_fault.s,0.08752295396310075
2_cpu18_.iowait,0.08731031224116804
0_cpu22_.usr,0.08721454594859593
1_cpu14_.sys,0.08676870491821022
0_cpu8_.soft,0.08593422411012686
4_cpu8_.sys,0.08553992958316868
0_cpu20_.soft,0.08533724176979415
1_dev8.5_svctm,0.08530885219550054
4_dev8.5_await,0.0852813129958189
2_cpu4_.usr,0.0846308330820229
4_dev252.0_wr_sec.s,0.0840897099399996
4_pgpgout.s,0.08376577366040999
2_majflt.s,0.08363665265688502
0_cpu6_.usr,0.08298933904800575
0_cpu22_.soft,0.08289705372529832
1_cpu10_.soft,0.08276535690539498
1_cpu6_.soft,0.08271735478327284
5_kbcommit,0.08247225747838166
1_cpu8_.usr,0.08238778391707231
5_cpu6_.soft,0.08238441525770485
4_all_..sys,0.08208311245622454
0_cpu6_.soft,0.0814276421173621
5_X..commit,0.08113000635484577
4_cpu14_.soft,0.08093258238207915
3_tcpsck,0.08062379081234657
1_cpu2_.soft,0.08060311080544738
3_totsck,0.08058510669300856
5_cpu12_.usr,0.08053454302823951
1_dev8.5_avgqu.sz,0.08048576104720791
1_cpu22_.soft,0.08043825590786284
5_cpu22_.iowait,0.07999821445419877
2_cpu9_.usr,0.07986733219622653
4_dev8.0_await,0.0797993879518925
1_cpu6_.sys,0.07979865475153823
4_cpu8_.soft,0.07976112986178001
1_dev8.0_avgqu.sz,0.07965647306989677
0_cpu18_.iowait,0.0796304162610533
1_dev252.0_avgqu.sz,0.07936724732421332
2_cpu0_.iowait,0.07926301052190621
2_cpu8_.soft,0.07913730991822758
5_cpu14_.usr,0.07878344533447142
2_cpu18_.soft,0.07814160995784257
4_bwrtn.s,0.07812898883253977
4_dev8.5_wr_sec.s,0.07799118606392075
1_cpu8_.iowait,0.0779885012500341
4_dev8.0_wr_sec.s,0.07778352871572287
5_fault.s,0.0776860539562553
1_cpu18_.soft,0.07737336900882487
3_cswch.s,0.07724517923115798
5_cpu5_.sys,0.07705559605479309
1_cpu4_.sys,0.07695215507802806
5_cpu6_.usr,0.07622446792860084
4_cpu19_.sys,0.07513336045746402
4_cpu18_.usr,0.07509113467995025
1_cpu16_.soft,0.0748009386271043
5_cpu12_.sys,0.07418916424610537
5_cpu8_.soft,0.07373676252833312
1_dev252.0_svctm,0.07365965091773426
2_cpu14_.soft,0.07348016141583814
4_pgfree.s,0.07322686166022925
1_dev8.0_svctm,0.07251934963964102
0_cpu14_.soft,0.07230006427193958
2_cpu11_.usr,0.07227794097122495
5_cpu3_.usr,0.07160647529763835
0_cpu0_.soft,0.07158185492080431
2_dev8.0_avgqu.sz,0.07146379236914811
2_dev8.5_avgqu.sz,0.07142273736417448
2_cpu1_.usr,0.07092086091334482
2_dev252.0_avgqu.sz,0.0704722340554354
0_cpu20_.sys,0.0704476193670195
2_cpu1_.sys,0.07018703678360157
4_cpu2_.sys,0.06967560636007128
5_cpu5_.usr,0.06964430279894729
2_cpu22_.iowait,0.0695955887877353
0_cpu16_.usr,0.06941928451454459
0_kbswpcad,0.06909205668371145
2_cpu5_.usr,0.06895605569520566
1_cpu20_.sys,0.06890363499605409
0_cpu4_.soft,0.0686537691506556
5_cpu8_.sys,0.06861234818350888
3_cpu17_.sys,0.06845194825387997
5_cpu4_.iowait,0.06840026027194437
0_cpu8_.iowait,0.06803994469213273
4_cpu22_.sys,0.06779349738020252
1_dev252.0_tps,0.06778744290087074
0_cpu22_.iowait,0.06774043768478857
1_cpu12_.usr,0.06739305912881167
4_cpu17_.sys,0.06708161281380237
1_dev8.5_tps,0.0669984518966168
1_dev8.0_tps,0.06684990899710289
1_tps,0.06676064082014585
5_cpu11_.usr,0.0664800904897238
4_cpu0_.sys,0.06645134272589323
1_i116_intr.s,0.06643342027837185
4_cpu12_.iowait,0.0662640766616814
1_cpu10_.usr,0.06578726884881594
2_cpu11_.sys,0.06573930351214229
2_cpu10_.soft,0.06543681751835392
1_cpu8_.sys,0.06537929383029088
2_kbswpcad,0.06514969163063467
2_X..swpcad,0.06513103269373084
2_dev252.0_await,0.06500413518733156
5_file.nr,0.06473598402790548
5_cpu15_.sys,0.06472751671242115
2_cpu19_.sys,0.06450243399032676
1_cpu5_.usr,0.06446878523543019
5_cpu0_.sys,0.06402287358836889
1_cpu4_.soft,0.06386213838600092
1_cpu14_.iowait,0.06322075838536079
4_cpu6_.sys,0.06309682534887667
2_cpu12_.soft,0.06305120088513985
0_cpu8_.sys,0.06297036248665272
3_cpu20_.idle,0.06266348004804673
1_rtps,0.06266315703058106
0_cpu16_.soft,0.06254138274969627
0_X..swpcad,0.06244280506273291
2_cpu0_.sys,0.06230631948449364
0_dev8.5_svctm,0.062198703612341893
0_dev8.0_svctm,0.06208314324092651
0_campg.s,0.06181394756712718
4_cpu10_.sys,0.06179801279197969
1_cpu18_.iowait,0.06160675507648648
4_cpu16_.iowait,0.061364928713579125
4_inode.nr,0.06102158260574727
4_cpu16_.sys,0.06077121768133253
2_cpu7_.sys,0.060700298021531915
4_cpu4_.soft,0.060551724538659896
4_cpu18_.sys,0.06024081386151563
4_fault.s,0.059648542119555885
1_cswch.s,0.059648236451056554
3_dev8.5_.util,0.05963690577051716
1_dev252.0_wr_sec.s,0.05945708175174786
1_pgpgout.s,0.05928561866985085
4_wtps,0.05889766233843671
3_kbswpused,0.05888786261800954
4_cpu21_.usr,0.05886297618168805
1_cpu20_.soft,0.05834190499491524
3_eth3_rxkB.s,0.057997711345114784
3_eth3_rxpck.s,0.05799771134511472
4_kbswpfree,0.05789612886489291
1_dev8.0_wr_sec.s,0.05788064874395609
1_dev8.5_wr_sec.s,0.057877581074332225
1_cpu4_.iowait,0.05782308847282594
1_bwrtn.s,0.05743777547002152
1_blocked,0.05706399896069923
1_dev252.0_rd_sec.s,0.05647161046710077
2_cpu2_.sys,0.056449618276017834
1_pgpgin.s,0.05600616539381639
1_dev8.5_rd_sec.s,0.05599369734528686
4_cpu14_.sys,0.05594490640189534
1_dev8.0_rd_sec.s,0.05594290894535005
1_bread.s,0.05591997211697659
5_all_..iowait,0.055876351722119404
5_cpu9_.usr,0.05576114758677856
5_cpu18_.iowait,0.055687411398972306
2_cpu16_.iowait,0.05565967005545523
3_dev252.0_.util,0.055583226698513656
5_blocked,0.055428240709025
5_cpu16_.soft,0.05534129018373013
5_cpu6_.sys,0.055073423718631526
2_cpu6_.soft,0.05501486722879184
1_cpu16_.iowait,0.055010165767962034
1_retrans.s_2,0.05465622039563595
2_cpu2_.soft,0.054617476618669905
4_cpu13_.sys,0.0544992773645788
3_dev8.0_.util,0.05449109947538831
2_dev8.5_await,0.054430857796585394
5_cpu1_.usr,0.05441121977275213
3_dev8.5_await,0.05359982671110817
0_dev252.0_svctm,0.05358804001586259
5_cpu13_.sys,0.05357530752258595
1_cpu10_.iowait,0.05356637116513611
4_ldavg.1,0.05343207082927362
1_cpu21_.usr,0.052876660072890096
4_dev8.5_avgrq.sz,0.05283186530027013
0_fault.s,0.052827067346340524
1_cpu22_.iowait,0.05280538350807805
2_bwrtn.s,0.05270968229614991
4_active.s,0.05263805158445976
2_dev252.0_wr_sec.s,0.05255854598769916
2_dev8.0_wr_sec.s,0.05242375229477605
2_dev8.5_wr_sec.s,0.05242375229477605
3_file.nr,0.05240195706702823
3_cpu16_.sys,0.05236197308427409
5_cpu3_.sys,0.052147404619435456
5_cpu2_.usr,0.05207712251810727
0_cpu13_.iowait,0.05200530054157134
4_dev8.0_avgrq.sz,0.05189562283050651
3_dev8.0_await,0.05182502181513765
0_cpu7_.sys,0.05176464717741125
2_cpu3_.usr,0.05171713481537806
2_cpu10_.sys,0.05104039214024778
2_pgpgout.s,0.05103242038711654
5_cpu16_.sys,0.050945638505342054
5_cpu0_.soft,0.05089562193234522
3_cpu4_.sys,0.05066250282725507
5_cpu22_.sys,0.05047155951922349
3_dev252.0_avgqu.sz,0.05031938431532817
3_dev8.0_avgqu.sz,0.05012277377720498
3_dev8.5_avgqu.sz,0.050003070514104464
2_cpu3_.sys,0.049922282618104136
3_wtps,0.04984491280793664
2_dev8.0_await,0.049811478396213076
5_cpu10_.soft,0.04946742152619805
2_X..vmeff,0.04938693733424495
0_cpu12_.soft,0.049277624405352494
1_cpu7_.usr,0.04919799284969889
2_dev8.0_avgrq.sz,0.04916449997406402
2_cpu13_.usr,0.04893857816375569
4_cpu10_.soft,0.048892305647918695
5_kbinact,0.04875835893215434
4_cpu13_.usr,0.048708851068268624
5_cpu14_.iowait,0.048416119637073936
5_cpu12_.soft,0.04820017134488227
3_dev252.0_wr_sec.s,0.04804866502155735
3_pgpgout.s,0.04802858843514328
2_plist.sz,0.047982276118709755
4_cpu23_.usr,0.047836131249552716
1_cpu3_.usr,0.04782468239400008
1_cpu9_.usr,0.0477719299491082
4_ldavg.15,0.04771121087339288
2_dev8.5_avgrq.sz,0.047674670441587436
0_cpu2_.iowait,0.04733528473864361
4_dev252.0_avgrq.sz,0.04732236321981718
4_cpu20_.sys,0.04731420653464211
5_cpu9_.sys,0.04726779311456277
4_cpu8_.iowait,0.04695583309696298
1_cpu17_.usr,0.046753536244866195
3_cpu15_.iowait,0.0460290277179867
0_eth0_rxmcst.s,0.04590464400948803
3_cpu12_.sys,0.04588180075514138
3_dev8.0_wr_sec.s,0.045728999880597636
3_bwrtn.s,0.04571266664731075
3_dev8.5_wr_sec.s,0.0456965684796334
2_cpu16_.soft,0.04565785976737563
1_cpu15_.usr,0.045555210176031105
4_cpu7_.usr,0.04553123896965788
2_cpu23_.sys,0.045332644110063415
5_cpu20_.sys,0.04517910953266826
4_cpu4_.sys,0.04512174463142034
2_dev252.0_avgrq.sz,0.04506113344436378
1_dev8.0_avgrq.sz,0.04489858438017341
2_pgscand.s,0.04450323058198561
3_cpu8_.usr,0.04439519451612574
1_cpu11_.usr,0.044252703008150276
1_dev8.5_avgrq.sz,0.043862720214440876
4_udpsck,0.043759122340560515
1_dev252.0_avgrq.sz,0.04373649341692149
4_eth0_rxmcst.s,0.043521785610612915
0_cpu5_.sys,0.04352163350325381
3_cpu4_.usr,0.04344325068254539
2_cpu5_.sys,0.04299557375797951
3_cpu0_.usr,0.04285462772199707
3_inode.nr,0.04284629783444981
2_cpu9_.sys,0.04236617186214342
2_pgfree.s,0.04221037487818793
2_cpu6_.iowait,0.04219182188875723
4_udp6sck,0.04198514115200172
1_dev252.0_await,0.041654949948866725
0_plist.sz,0.04162375637207529
2_cpu4_.sys,0.041592157405094865
5_i130_intr.s,0.04152975875831444
2_cpu17_.sys,0.04143277525402406
0_cpu1_.sys,0.04140223708360873
2_eth0_rxmcst.s,0.04115524410355452
2_cpu8_.sys,0.04101018494208104
4_eth3_txkB.s,0.040706830409447815
5_cpu12_.iowait,0.040667174559545605
3_cpu22_.usr,0.04058070110925143
0_cpu23_.sys,0.040556190750162
5_cpu21_.sys,0.040450243910545094
0_all_..iowait,0.040361947183442375
4_cpu15_.sys,0.040279977934376925
0_X..swpused,0.040098690771197446
1_cpu1_.usr,0.03991895310785235
2_cpu10_.iowait,0.03976500050224886
5_cpu10_.sys,0.03975394537620734
4_cpu15_.usr,0.03966252366636259
3_cpu2_.usr,0.03947444439415138
1_cpu12_.soft,0.039410273555752155
0_cpu17_.iowait,0.03906566175074125
4_cpu14_.iowait,0.038952916505691854
0_cpu3_.usr,0.03886175047893137
0_cpu21_.usr,0.038625318911222145
4_cpu17_.usr,0.038493486661241846
1_cpu20_.iowait,0.038488230086919026
4_cpu20_.iowait,0.038462314552275244
0_cpu11_.sys,0.03838410591220643
0_cpu17_.usr,0.03836661527097233
0_blocked,0.038362025509174884
4_dev8.5_svctm,0.03809421563504429
1_cpu2_.iowait,0.037794529315730574
3_cpu10_.sys,0.03775475376390679
2_frmpg.s,0.03768757465439692
2_cpu13_.sys,0.037598614236758296
0_cpu16_.iowait,0.037570441324061246
3_cpu14_.idle,0.03717817570289374
3_fault.s,0.03711944426019466
5_kbswpfree,0.03699646304217879
2_cpu14_.iowait,0.036745637833734406
2_cpu22_.sys,0.03674372858147913
0_cpu3_.sys,0.036676323067736584
4_cpu1_.usr,0.03665277775108829
3_all_..iowait,0.03642743608679569
3_cpu6_.usr,0.036217869727339834
2_wtps,0.03577983920700353
4_cpu7_.sys,0.03509075345034825
5_eth0_rxkB.s,0.03489118544425783
0_cpu23_.usr,0.034882720619128005
1_cpu8_.soft,0.03474716545349816
1_runq.sz,0.03447996478245966
4_cpu0_.iowait,0.03412617214655047
2_active.s,0.033765976680246446
0_cpu4_.sys,0.03350894824629453
1_wtps,0.03332436754003892
3_cpu23_.usr,0.03310267618594432
3_cpu21_.iowait,0.03294287053036072
0_pswpin.s,0.032784712232327734
4_blocked,0.03271723261363476
0_kbbuffers,0.032632988353376746
4_cpu1_.sys,0.03245651187093006
0_majflt.s,0.032391086388522325
0_dev252.1_rd_sec.s,0.032344907295210404
3_dev252.0_await,0.032234361528144254
0_dev252.1_.util,0.03140816220360602
4_cpu2_.iowait,0.03133106537839808
0_dev252.1_avgqu.sz,0.03124111396585688
0_dev252.1_tps,0.03099293647700726
5_cpu10_.usr,0.030825061170583146
5_dev8.5_svctm,0.03082290952134443
4_cpu18_.iowait,0.03051057247829702
3_cpu13_.iowait,0.03037488032256345
3_i120_intr.s,0.030222132350830894
2_pgsteal.s,0.030143843061768132
0_cpu21_.iowait,0.030096792553980314
3_cpu8_.sys,0.030047383342049046
5_eth0_rxpck.s,0.029836450629507655
4_cpu3_.sys,0.029482240054710982
3_i123_intr.s,0.029025798567008678
4_eth3_txpck.s,0.028948591875874462
0_dev252.0_wr_sec.s,0.028844017016123626
1_cpu13_.usr,0.028783437594064726
4_cpu22_.iowait,0.028703499971714508
4_cpu9_.usr,0.028491622767560985
4_cpu10_.iowait,0.02843577912361291
0_pgpgout.s,0.028361477568692905
0_cpu5_.usr,0.028067320240092456
1_cpu23_.usr,0.02786380625660614
4_cpu5_.usr,0.02764721409734053
5_cpu22_.irq,0.027211981576429158
5_cpu23_.usr,0.027012949288501686
1_cpu10_.sys,0.026262733832160087
5_cpu2_.iowait,0.02620170164192723
0_dev8.0_await,0.02604481489245074
0_dev8.5_await,0.026024311377928218
2_cpu15_.usr,0.02573305488831207
4_cpu21_.iowait,0.025729842995818358
3_eth0_rxkB.s,0.025638502432310917
4_cpu13_.iowait,0.02560392804283834
3_eth0_txpck.s,0.02552242126126885
3_eth0_txkB.s,0.025452498262556494
2_cpu1_.soft,0.02525482793801309
1_cpu11_.sys,0.02510283119952672
2_cpu5_.iowait,0.025058445762107442
3_cpu19_.iowait,0.025031459245234575
3_cpu7_.usr,0.025002011893757444
2_cpu7_.iowait,0.024963098310073047
0_dev252.0_await,0.024856836356393852
4_cpu3_.usr,0.024836444834161298
2_cpu18_.sys,0.024602718337827564
5_cpu12_.irq,0.024586760322115472
1_cpu12_.sys,0.02450509943291679
1_cpu0_.iowait,0.0242430474966809
5_runq.sz,0.024097574787881233
3_cpu5_.usr,0.02409285685191482
4_dev8.0_svctm,0.023913812668811835
3_i136_intr.s,0.023509172990920327
0_dev8.0_wr_sec.s,0.023484915556801492
0_dev8.5_wr_sec.s,0.02342757981787587
0_bwrtn.s,0.02333583163725407
3_cpu17_.iowait,0.023260806186213137
2_cpu19_.usr,0.023247336181825607
0_cpu15_.usr,0.022950390263585117
0_cpu9_.usr,0.022764306327263967
3_cpu6_.sys,0.022720643794030892
2_cpu12_.sys,0.022712614490314042
2_cswch.s,0.022671620544442352
2_cpu20_.sys,0.022546550663473375
0_cpu14_.iowait,0.022511667649469148
5_cpu0_.iowait,0.022414308936342706
3_cpu2_.sys,0.022361930831698115
4_idisc6.s,0.02223405224691308
4_irec6.s,0.02223405224691308
2_dev252.1_wr_sec.s,0.022233065167524508
2_dev252.1_avgrq.sz,0.022233065167524508
2_dev252.1_tps,0.022233065167524508
2_pswpout.s,0.022233065167524508
2_pgscank.s,0.022233065167524487
5_cpu16_.iowait,0.022201348707625603
3_X..commit,0.022150824262601527
0_cpu15_.iowait,0.0221425990062803
2_blocked,0.022045856360715984
5_dev252.0_svctm,0.021848518986871204
0_irec6.s,0.021769769192314988
0_idisc6.s,0.021769769192314988
5_majflt.s,0.02170495232108328
5_dev8.0_svctm,0.0216467535491507
2_cpu21_.sys,0.021643538019872233
5_retrans.s_2,0.021508710527438666
2_idisc6.s,0.021482107955130485
2_irec6.s,0.021482107955130485
2_i133_intr.s,0.021482107955130485
5_dev252.0_avgqu.sz,0.021463367934252582
4_bufpg.s,0.02136644786426836
3_cpu9_.sys,0.021192718667596533
2_i118_intr.s,0.02102704143497024
0_cpu12_.iowait,0.020824871660165462
3_dev8.5_avgrq.sz,0.02077003631879989
3_dev8.0_avgrq.sz,0.020760945188734045
0_dev252.0_avgrq.sz,0.020639473641322927
0_dev252.1_avgrq.sz,0.020532599139147383
2_cpu11_.iowait,0.020417937826584107
0_cpu13_.usr,0.0203274961143848
0_i124_intr.s,0.020195963018973594
3_cpu10_.iowait,0.019985588772151442
3_dev252.0_avgrq.sz,0.01991191503940953
1_cpu9_.sys,0.019906883945772127
3_cpu18_.usr,0.019875493923741716
2_cpu21_.usr,0.019851237439644454
0_cpu21_.sys,0.019691800697413074
1_cpu6_.iowait,0.019690144828115416
3_cpu23_.iowait,0.01965795956360497
5_eth3_rxkB.s,0.019598899311736764
5_eth3_rxpck.s,0.019561687040724956
0_tcp.tw,0.01930798002812845
0_cpu9_.sys,0.019256258368437945
5_i126_intr.s,0.019128211433592383
3_blocked,0.01895946906744163
3_cpu3_.usr,0.01891822164351087
3_plist.sz,0.01890591077909932
1_cpu7_.sys,0.018777716721838974
4_cpu19_.usr,0.018586456464861945
3_cpu1_.usr,0.018088417592209978
3_i124_intr.s,0.01805234676231533
1_cpu16_.sys,0.01802219733070881
5_cpu13_.usr,0.017931438444459467
3_dev8.5_svctm,0.017857198948454153
27_TxPacktes,0.017686675362288188
28_RxPacktes,0.01766021066173825
2_cpu17_.usr,0.017518922521570748
0_dev8.0_avgrq.sz,0.017500711039432095
0_dev8.5_avgrq.sz,0.01747795715473609
0_cpu18_.sys,0.017458233177807855
5_i118_intr.s,0.017302234637153146
5_active.s,0.017255640967742725
3_cpu10_.usr,0.017139251260712526
3_cpu14_.usr,0.01705428064405045
3_cpu12_.usr,0.01700321063930153
3_cpu5_.sys,0.01685190946785487
1_totsck,0.016833870255506932
1_tcp6sck,0.016783018278202062
3_eth0_rxpck.s,0.016719958488967682
2_cpu15_.sys,0.016673481383427464
4_plist.sz,0.016666988354253624
0_cpu19_.idle,0.016649359299947566
1_cpu12_.iowait,0.01662197506866238
3_idisc6.s,0.01639700043501661
3_irec6.s,0.01639700043501661
2_cpu23_.usr,0.016372467968304053
0_i117_intr.s,0.015969585796179086
3_cpu9_.usr,0.015919631644261786
27_TxBytes,0.015860986067866824
3_cpu14_.iowait,0.01583953998519417
2_dev252.0_svctm,0.015704331669767077
5_cpu10_.iowait,0.01570355121508628
1_i121_intr.s,0.01530927330741845
4_cpu9_.sys,0.01518889655322682
4_retrans.s_2,0.015166651543593302
3_cpu21_.soft,0.014994010524399632
5_cpu19_.sys,0.01487612322305024
2_cpu4_.soft,0.014859870800948773
3_i117_intr.s,0.014612103702982267
3_cpu16_.usr,0.014517870403614401
5_dev252.0_await,0.014496921288365612
5_cpu17_.usr,0.014493534972703594
5_cpu7_.iowait,0.014159032595977847
5_dev252.0_wr_sec.s,0.014132488986718312
2_eth3_rxkB.s,0.014045377258181462
2_eth3_rxpck.s,0.014045377258181438
3_pswpout.s,0.01403100733652308
3_dev252.1_wr_sec.s,0.01403100733652308
3_pgscank.s,0.01403100733652308
3_pgsteal.s,0.014031007336523078
3_X..vmeff,0.014031007336523021
4_dev252.0_svctm,0.013920356580140104
28_RxBytes,0.01384256720915164
0_cpu13_.sys,0.013834199316568468
0_cpu4_.iowait,0.013686134405960707
0_cpu11_.usr,0.013660083924011789
3_eth1_rxdrop.s,0.013557178910668871
5_cpu14_.sys,0.013490790084134589
2_cpu12_.iowait,0.013444167299985835
5_dev8.5_await,0.013395642129490171
2_dev8.5_svctm,0.013214187641714493
4_proc.s,0.01318438530628254
3_cpu1_.sys,0.013132922372265916
2_cpu14_.sys,0.012948976161284638
4_cpu7_.iowait,0.012792012022514319
1_tcp.tw,0.012538955290011063
4_cpu4_.iowait,0.012523828690690478
0_cpu1_.usr,0.012487111031131938
3_dev252.1_avgqu.sz,0.012377753052066764
5_dev8.0_await,0.012318296288740267
2_i132_intr.s,0.012296246710167325
3_cpu0_.iowait,0.012199174831547472
2_kbswpused,0.012185382691348456
4_cpu1_.iowait,0.012152131138701045
1_imcpck6.s,0.012135351289396018
4_dev252.0_await,0.011931719831773602
3_cpu5_.iowait,0.011666543439549976
1_eth0_rxkB.s,0.011658725911560414
5_cpu7_.sys,0.011540424522411219
0_cpu12_.sys,0.01153454062022544
4_i151_intr.s,0.01151723478663892
4_cpu5_.sys,0.011401918503633904
4_i126_intr.s,0.011343146660236334
3_i022_intr.s,0.011337157568099592
2_cpu13_.iowait,0.011158880224689548
2_proc.s,0.010864885923171395
0_cpu19_.iowait,0.010831170950924262
3_majflt.s,0.010780882986819269
0_bufpg.s,0.010654174548865832
1_cpu9_.iowait,0.010627082993108371
1_cpu7_.iowait,0.01062708299310835
3_dev252.1_tps,0.010598232066871431
5_plist.sz,0.010430927209065088
5_eth0_rxmcst.s,0.010326157092986555
3_dev252.1_.util,0.010253530298760012
3_cpu3_.iowait,0.01024863469867626
4_runq.sz,0.010127343588781262
2_cpu21_.iowait,0.01008614110013747
1_eth0_rxmcst.s,0.010055516441244671
3_cpu12_.iowait,0.010034634956048784
5_proc.s,0.010024823640820385
0_pgfree.s,0.009531358436880619
1_cpu1_.soft,0.00931306549496855
5_dev8.5_wr_sec.s,0.009281726402120001
5_dev8.0_wr_sec.s,0.009281726402120001
5_bwrtn.s,0.009254333261061513
0_wtps,0.009179058221220782
1_cpu17_.iowait,0.009150989501542613
3_TxBytes,0.00908508865485385
2_TxBytes,0.00908508865485385
5_cpu6_.iowait,0.009025866626652094
1_cpu21_.sys,0.00899912138694168
5_i132_intr.s,0.008843448872149924
5_odgm.s,0.008843448872149924
5_tcp.tw,0.008782119563461217
5_irec6.s,0.008636246356259465
0_cpu19_.usr,0.008537540857569916
0_cpu0_.iowait,0.00851973071958152
0_cpu23_.iowait,0.008066188121785466
13_RxBytes,0.00791309925979681
5_cpu19_.usr,0.007814966201638726
4_ortsol6.s,0.007765182220459409
4_dentunusd,0.007731850201096197
0_cpu7_.usr,0.0076490559470374754
3_cpu0_.sys,0.0076439377183329495
8_TxPacktes,0.007609352748122688
0_cpu14_.sys,0.0074954330179527445
5_pgpgout.s,0.00741993280419929
5_imcpck6.s,0.007412856228643689
5_i133_intr.s,0.007410553072582465
3_pgfree.s,0.007410426384960098
5_ogmbr6.s,0.007394044637332761
5_omcpck6.s,0.007394044637332761
5_orq6.s,0.007394044637332761
5_omsg6.s,0.007394044637332761
0_passive.s,0.007251592981444119
3_retrans.s_2,0.006877502351764013
3_cpu18_.idle,0.006624453810514967
4_cpu17_.iowait,0.006611873207571845
1_iechr.s,0.006580931154774272
1_otm.s,0.006580931154774272
1_imsg.s,0.006580931154774272
1_oerr.s,0.006580931154774272
5_cpu20_.iowait,0.006526530366605686
4_i130_intr.s,0.006374365889427447
2_dev8.0_svctm,0.006318325104569865
11_TxBytes,0.006126294107550995
13_RxPacktes,0.006121394095241754
5_cpu21_.usr,0.005856971247298928
5_cpu15_.usr,0.005815825077507391
1_i117_intr.s,0.0056857717513321615
4_cpu11_.iowait,0.0056484862310277
1_i118_intr.s,0.0054937019700650016
1_i022_intr.s,0.005476418180123969
1_plist.sz,0.005302285372637803
3_TxPacktes,0.005255774778205128
2_TxPacktes,0.005255774778205128
8_TxBytes,0.005203165434801402
28_TxPacktes,0.005065648281147754
28_TxBytes,0.00506564828114775
4_cpu23_.sys,0.005053680238398858
1_i124_intr.s,0.005018581591179266
1_eth0_rxpck.s,0.004980671403868811
11_TxPacktes,0.0047550800337316105
5_dev8.0_avgqu.sz,0.004656888477220133
1_lo_rxpck.s,0.0046311587655258335
1_lo_txpck.s,0.0046311587655258335
5_dev8.5_avgqu.sz,0.004619481103662314
3_cpu11_.usr,0.0046035577860545395
1_lo_txkB.s,0.0043659960304573515
1_lo_rxkB.s,0.0043659960304573515
5_eth0_txpck.s,0.004189213571668628
5_i129_intr.s,0.004166657889463633
4_i142_intr.s,0.00403136448799174
3_dev252.0_svctm,0.003931596109025761
3_cpu11_.sys,0.003907406048699256
3_dev8.0_svctm,0.0038265626728797297
0_runq.sz,0.003771895379243694
1_cpu3_.iowait,0.0036498363262680864
5_eth0_txkB.s,0.0035704114454656504
2_cpu8_.iowait,0.00343199732229779
0_dev252.1_svctm,0.003416101961446736
0_cpu15_.idle,0.003210594192115609
2_cpu9_.iowait,0.0030263724070430605
5_cpu23_.iowait,0.0028268901897424807
0_eth0_rxpck.s,0.0027953148866005344
0_cpu10_.iowait,0.0023179748755898354
3_cpu19_.soft,0.0020682464333633336
4_orsts.s,0.0020198463189974886
2_orsts.s,0.0020198463189974886
4_estres.s,0.0020198463189974886
2_estres.s,0.0020198463189974886
0_cpu1_.soft,0.002019142883505956
2_cpu23_.iowait,0.0019143309952710497
4_cpu6_.iowait,0.001874235848179058
5_cpu9_.iowait,0.0018742351722549843
5_dev252.1_avgqu.sz,0.001874189932181243
5_pswpout.s,0.0018732363123026682
5_dev252.1_wr_sec.s,0.0018732363123026682
5_dev252.1_tps,0.0018712600743453452
5_dev252.1_.util,0.00179105770572227
0_dev252.1_await,0.0017540176494800434
1_cpu19_.usr,0.0014358936312742004
5_dev252.1_await,0.00140398456785606
4_cpu11_.usr,0.0011040784050476869
2_oerr.s,0.0010386352149432028
2_itm.s,0.0010386352149432028
2_imsg.s,0.0010386352149432028
2_oechr.s,0.0010386352149432028
3_cpu11_.idle,0.0009759223589699454
1_irec6.s,0.0008615722865254
2_i126_intr.s,0.0007876042002909522
3_campg.s,0.0006712173953348485
3_cpu20_.usr,0.00047218220930311875
0_eth0_rxkB.s,0.00041925313803514095
5_idgm.s,0.00029205199268632814
3_cpu7_.sys,0.00020347416586496836
0_active.s,7.478725130959895e-05
5_cpu7_.idle,7.379067912627648e-05
4_cpu11_.idle,-5.108362516358783e-05
3_proc.s,-0.0002894802540289426
1_cpu19_.idle,-0.0003989498639748131
3_frmpg.s,-0.0006676331810556231
4_cpu11_.sys,-0.0008574446481236724
1_proc.s,-0.0008856635537779177
5_dev252.0_avgrq.sz,-0.0011549482155908933
5_cpu23_.sys,-0.0012130320676432044
4_eth2_txpck.s,-0.0015712105893849666
5_X..vmeff,-0.0017123217029476787
1_cpu19_.sys,-0.0018758831944983574
10_TxBytes,-0.0019972835444250197
5_pgscank.s,-0.002074072481169737
3_eth0_rxmcst.s,-0.002076921033401337
5_pgsteal.s,-0.002085949210091828
2_cpu1_.iowait,-0.0022006405759675933
5_wtps,-0.0023852803489012968
1_cpu18_.sys,-0.0024563476347893016
0_proc.s,-0.0025307220434391217
5_cpu17_.idle,-0.0025381701686501275
0_cpu16_.sys,-0.002636408500580234
5_dev8.0_avgrq.sz,-0.002647283409299249
4_i133_intr.s,-0.0027061327064998313
0_i121_intr.s,-0.002721611206583211
4_cpu19_.iowait,-0.0028073805091116378
8_RxBytes,-0.0033851201082736246
8_RxPacktes,-0.0033851201082736333
0_cpu5_.iowait,-0.003400624242081314
5_cpu19_.iowait,-0.003563321177113851
5_dev8.5_avgrq.sz,-0.003625614403449159
5_dev252.1_svctm,-0.0036274860947661967
4_dev252.1_avgqu.sz,-0.00391208791729979
1_bufpg.s,-0.004450938819178857
4_i139_intr.s,-0.004612909494287528
4_i022_intr.s,-0.005026867735915083
5_dev252.1_avgrq.sz,-0.005124904570812106
4_dev252.1_rd_sec.s,-0.0051335530324905536
4_pswpin.s,-0.0051335530324905536
3_dev252.1_await,-0.005153813243151166
4_i128_intr.s,-0.005267880637320589
16_TxPacktes,-0.005951575444385805
19_TxPacktes,-0.005951575444385805
1_passive.s,-0.005979641144112796
4_eth2_txkB.s,-0.006239847719214125
1_cpu15_.sys,-0.006301616861037115
5_cpu8_.iowait,-0.006393991270154732
0_cpu20_.iowait,-0.006453150068894367
5_eth1_rxdrop.s,-0.006543233401403482
0_eth1_rxdrop.s,-0.006570456330137921
0_retrans.s_2,-0.006821627815969817
3_active.s,-0.007002743885250658
0_dev252.0_avgqu.sz,-0.007007556566567141
2_i128_intr.s,-0.00714567367589237
0_dev8.5_avgqu.sz,-0.0071892812860663725
0_dev8.0_avgqu.sz,-0.0071892812860663725
5_dev252.1_rd_sec.s,-0.007301377378995642
3_cpu16_.iowait,-0.007301377378995642
5_pswpin.s,-0.007301377378995642
1_cpu17_.sys,-0.0073554635917899795
10_TxPacktes,-0.007723948860398898
2_cpu3_.iowait,-0.007928328042461
5_i128_intr.s,-0.008272979084175219
4_cpu23_.iowait,-0.008490886795138252
13_TxPacktes,-0.008526362858148758
11_RxPacktes,-0.008526362858148758
11_RxBytes,-0.008526362858148761
13_TxBytes,-0.008526362858148761
2_cpu2_.iowait,-0.008537074917684915
4_dev252.1_tps,-0.008600602542729104
4_dev252.1_await,-0.008868957318443081
5_bufpg.s,-0.008890591786568225
0_eth0_txpck.s,-0.008911152924477061
2_i131_intr.s,-0.009121522970559744
2_eth0_rxpck.s,-0.009179322066440248
4_tcp.tw,-0.00955147749033851
19_TxBytes,-0.009573971154391094
16_TxBytes,-0.009573971154391094
4_dev252.1_.util,-0.009924176180786486
2_idgm.s,-0.010160970736464735
2_odgm.s,-0.010160970736464735
2_runq.sz,-0.010266501708827818
18_TxPacktes,-0.010432450505116115
5_cpu17_.sys,-0.010479022039829542
0_lo_rxkB.s,-0.0108193966338765
0_lo_txkB.s,-0.0108193966338765
4_orq6.s,-0.010956385520514193
4_omsg6.s,-0.010956385520514193
3_tcp.tw,-0.011012206241512418
3_i119_intr.s,-0.011082384450751631
3_ldavg.1,-0.011371681789651382
2_eth0_rxkB.s,-0.011541900248162585
5_cpu7_.usr,-0.011572225383668725
0_cpu6_.iowait,-0.011689024237683083
3_dev252.1_avgrq.sz,-0.01214505137343709
2_kbswpfree,-0.012185382691348456
4_eth1_rxdrop.s,-0.012335898552305944
18_TxBytes,-0.012548695902016866
3_bufpg.s,-0.012637938610702467
4_majflt.s,-0.012669913946311853
4_omcpck6.s,-0.013300633359731069
1_cpu23_.sys,-0.013323351383193826
1_cpu5_.sys,-0.013384535678191962
5_cpu19_.idle,-0.01345076430658665
3_cpu3_.idle,-0.013532604064253561
3_cpu1_.idle,-0.013611155429739957
3_cpu3_.sys,-0.013678842176043262
5_cpu3_.iowait,-0.013782435181506904
2_eth0_txkB.s,-0.013786486858059627
1_cpu13_.sys,-0.013899296810699954
5_passive.s,-0.013955912293315659
4_eth0_rxpck.s,-0.013957438528346553
0_cpu17_.sys,-0.01405533786857241
3_dev252.1_rd_sec.s,-0.014110066148302316
3_pswpin.s,-0.014110066148302316
1_odgm.s,-0.014239838465391667
1_idgm.s,-0.014239838465391667
0_cpu22_.sys,-0.014286523944317904
0_i119_intr.s,-0.0144317206994208
2_retrans.s_2,-0.015296002064384782
1_active.s,-0.015337926384074444
5_idel6.s,-0.015354214842498756
5_igmbq6.s,-0.015354214842498756
5_imsg6.s,-0.015354214842498756
0_atmptf.s,-0.015370485902101692
2_atmptf.s,-0.015370485902101699
4_atmptf.s,-0.0153704859021017
3_atmptf.s,-0.015370485902101716
1_idel6.s,-0.015395812018870398
1_imsg6.s,-0.015395812018870398
1_igmbq6.s,-0.015395812018870398
0_cpu17_.idle,-0.015413200476975954
3_cpu2_.iowait,-0.015465133054332956
5_i131_intr.s,-0.01625166168629475
4_i132_intr.s,-0.01643984633020989
3_cpu18_.sys,-0.01718446317161394
4_passive.s,-0.017301621748460394
1_i120_intr.s,-0.01736246141059171
1_omsg6.s,-0.01748025664269544
1_orq6.s,-0.01748025664269544
1_omcpck6.s,-0.01748025664269544
1_ogmbr6.s,-0.01748025664269544
2_eth0_txpck.s,-0.017595085562830882
3_kbcommit,-0.01783480146979709
0_i123_intr.s,-0.017852300925239102
3_passive.s,-0.017945880040988675
4_dev252.1_avgrq.sz,-0.017983876559965004
5_cpu23_.idle,-0.018148260453460067
4_onbsol6.s,-0.01816515926992139
0_odgm.s,-0.018446002809138603
0_idgm.s,-0.018446002809138603
1_cpu23_.idle,-0.018700487546978395
4_cpu3_.iowait,-0.018940894730336173
4_dev252.1_svctm,-0.019030382104424714
4_cpu5_.idle,-0.019345450900766538
2_i022_intr.s,-0.0194019646478006
0_i122_intr.s,-0.01941707463336694
3_dev252.1_svctm,-0.01957555335752175
4_eth0_rxkB.s,-0.020272819164143977
2_i129_intr.s,-0.020291508493452043
2_eth1_rxdrop.s,-0.020368203589865148
0_lo_rxpck.s,-0.020444995769691186
0_lo_txpck.s,-0.020444995769691186
0_X..vmeff,-0.02049610326460836
3_cpu11_.iowait,-0.020647658959406238
2_i127_intr.s,-0.020753968630335535
1_cpu13_.idle,-0.020912998975082225
3_cpu23_.idle,-0.02101126914234401
0_pgsteal.s,-0.021040668614994908
0_pgscank.s,-0.02104875487959216
3_cpu0_.idle,-0.02138107522696119
4_cpu23_.idle,-0.02139115613756519
2_cpu4_.iowait,-0.02139499211536876
1_i122_intr.s,-0.021610331203336178
4_i148_intr.s,-0.02170942045196912
4_eth0_txkB.s,-0.02183561546242815
4_dev252.1_wr_sec.s,-0.02188992603741226
4_pswpout.s,-0.02188992603741226
3_cpu17_.soft,-0.021930725295919738
2_cpu16_.sys,-0.021978396139322415
4_eth0_txpck.s,-0.022180311592351377
2_tcp.tw,-0.022192122637300447
3_i000_intr.s,-0.02224534893247684
1_i119_intr.s,-0.02231707909312014
0_cpu15_.soft,-0.022432274801366104
4_cpu9_.idle,-0.023004349080267765
1_eth1_rxdrop.s,-0.023144540639451216
1_cpu5_.iowait,-0.02316244084155312
3_cpu7_.idle,-0.023304879869505576
3_cpu9_.idle,-0.02337082612216192
3_i118_intr.s,-0.023541825519547966
2_bufpg.s,-0.023866428966780283
2_i130_intr.s,-0.024532125667424784
2_cpu15_.idle,-0.024538577043813077
5_cpu9_.idle,-0.0252104919438691
4_i131_intr.s,-0.02544909774112452
0_cpu13_.idle,-0.02581180111321978
4_idgm.s,-0.025867962952088132
4_odgm.s,-0.025867962952088132
5_cpu21_.idle,-0.02591838248406704
2_cpu21_.idle,-0.025935902297736714
4_i127_intr.s,-0.02659378554110203
0_pswpout.s,-0.026612230372106183
0_dev252.1_wr_sec.s,-0.026612230372106183
1_cpu1_.idle,-0.026899385723289336
3_odgm.s,-0.027306105587005657
3_i122_intr.s,-0.027306105587005657
3_idgm.s,-0.027306105587005657
3_runq.sz,-0.02770081839705193
0_cpu15_.sys,-0.028115480184880085
3_cpu5_.idle,-0.02839304234487802
0_cpu9_.idle,-0.028631930812862087
1_cpu3_.sys,-0.02876925683519791
1_cpu1_.sys,-0.02976374970475764
1_atmptf.s,-0.030002753316621302
3_cpu1_.iowait,-0.030449081465043323
3_cpu23_.sys,-0.030714666626697966
0_cpu1_.idle,-0.031068731304026743
4_i129_intr.s,-0.031183339283417193
4_X..vmeff,-0.03120587557880919
4_cpu3_.idle,-0.03158196871816467
1_cpu3_.idle,-0.03244437185970185
0_cswch.s,-0.03254591918124969
0_i022_intr.s,-0.03264335055464926
0_cpu19_.sys,-0.03291982884245116
0_cpu11_.idle,-0.03321076653403569
0_cpu7_.idle,-0.03361215358903453
1_eth0_txkB.s,-0.03488333477780229
1_eth0_txpck.s,-0.035014698473366086
4_pgsteal.s,-0.03583508698372662
4_pgscand.s,-0.03585470018549721
1_cpu17_.idle,-0.035881780901348775
1_i123_intr.s,-0.03613649846036984
4_cpu1_.idle,-0.03667081310321937
5_kbswpused,-0.03699646304217879
2_inode.nr,-0.037111666346663866
1_cpu11_.iowait,-0.03791198884874725
2_campg.s,-0.038145464310784104
1_cpu15_.idle,-0.03864753603078897
3_cpu2_.idle,-0.03917344761595623
0_cpu21_.idle,-0.039249072746102245
3_cpu10_.idle,-0.03934714254723241
5_cpu15_.idle,-0.03944395970769861
2_cpu17_.idle,-0.040506813048611874
5_cpu13_.idle,-0.04051867414572158
5_X..swpused,-0.041687241234371966
2_cpu23_.idle,-0.04194313184522881
3_cpu6_.idle,-0.04197194942985963
0_cpu5_.idle,-0.04283785300707438
4_cpu7_.idle,-0.043042681229718466
4_cpu15_.idle,-0.04352338280999675
5_i022_intr.s,-0.044013678890557996
1_cpu11_.idle,-0.04551496988107157
3_dentunusd,-0.04635328116610295
3_cpu12_.idle,-0.047492294094484966
0_cpu3_.idle,-0.04809347356007086
3_cpu16_.idle,-0.049932244716287315
0_cpu23_.idle,-0.05014161691759489
1_cpu9_.idle,-0.05122006938658574
2_cpu16_.idle,-0.051301374058860004
1_cpu21_.idle,-0.051421440149947796
1_cpu7_.idle,-0.051996852889419354
5_cpu10_.idle,-0.05209743925339787
2_cpu3_.idle,-0.05226316147068078
2_cpu13_.idle,-0.052496948558439845
3_cpu8_.idle,-0.05268729820782574
1_cpu5_.idle,-0.054149960259930886
3_cpu14_.sys,-0.056722727276174764
3_kbbuffers,-0.05702578770679379
4_cpu13_.idle,-0.05764825759108331
4_kbswpused,-0.05789612886489291
2_cpu19_.idle,-0.05842473718329599
3_kbswpfree,-0.05888786261800954
2_dentunusd,-0.05906842237360688
3_cpu4_.idle,-0.059148303387862484
0_cpu16_.idle,-0.0617543023817276
0_frmpg.s,-0.06260699075575522
4_X..swpused,-0.0630181262708917
1_cpu12_.idle,-0.06385160596369129
4_cpu17_.idle,-0.06405584697937423
4_X..swpcad,-0.06405782257822489
4_kbswpcad,-0.06536667205034039
2_cpu4_.idle,-0.0663460233306897
4_cpu19_.idle,-0.06783467072358618
2_cpu5_.idle,-0.06802588380145229
2_kbcommit,-0.07249164373180515
0_cpu6_.idle,-0.07271780082750721
5_cpu3_.idle,-0.07331863592899666
2_tcpsck,-0.07362531042090349
2_totsck,-0.07364113449370586
2_cpu9_.idle,-0.07521978906502469
3_cpu20_.sys,-0.07633548137972401
4_cpu4_.idle,-0.0767257753647773
5_cpu16_.idle,-0.07853899558757307
0_cpu10_.idle,-0.07919117488451002
5_cpu14_.idle,-0.07989506924849314
0_cpu22_.idle,-0.07992174218457508
2_cpu11_.idle,-0.08067917698482593
2_cpu1_.idle,-0.08110530353300262
2_X..commit,-0.08201026706075358
0_cpu12_.idle,-0.08384651802789775
5_dentunusd,-0.08544338801413688
0_cpu14_.idle,-0.0872537719582063
2_cpu12_.idle,-0.08741497985593048
1_inode.nr,-0.08790649426118255
1_cpu10_.idle,-0.08850899669052299
5_cpu5_.idle,-0.09038256005424745
2_cpu7_.idle,-0.09044294441894123
4_cpu18_.idle,-0.09122566218535408
4_cpu21_.idle,-0.09140697060899654
4_frmpg.s,-0.09319740401788972
5_cpu6_.idle,-0.0933271652242023
2_cpu2_.idle,-0.09334110571218725
5_kbbuffers,-0.09338027361877552
2_cpu14_.idle,-0.09360929708051784
1_file.nr,-0.09540903844761367
0_cpu20_.idle,-0.09567976235560893
5_cpu1_.idle,-0.09590432948612816
5_cpu20_.idle,-0.096222094615548
1_kbswpfree,-0.0988460031851897
4_cpu14_.idle,-0.10092792804266201
1_cpu16_.idle,-0.10134833590052615
1_cpu18_.idle,-0.1019189334524698
4_cpu20_.idle,-0.10445108687181957
0_cpu18_.idle,-0.10503784425166354
0_totsck,-0.10513915896148988
0_tcpsck,-0.10513915896148988
5_cpu0_.idle,-0.10567299687395605
4_cpu10_.idle,-0.10581294150296884
2_cpu8_.idle,-0.10590244919990588
5_cpu2_.idle,-0.10646041974661738
3_cpu22_.idle,-0.10802413925108272
4_X..commit,-0.10820086355295934
0_cpu4_.idle,-0.10860278805206879
5_cpu12_.idle,-0.10879342954041023
0_dentunusd,-0.11115682942644903
4_cpu2_.idle,-0.11141210353983726
4_kbcommit,-0.11204495846992524
2_cpu18_.idle,-0.11270525586839898
4_cpu22_.idle,-0.1134648199278996
1_cpu4_.idle,-0.11437017963709131
1_cpu22_.idle,-0.11543039666600421
1_frmpg.s,-0.1157508951986435
2_cpu20_.idle,-0.11655945682855152
1_cpu8_.idle,-0.11962633773614553
1_cpu6_.idle,-0.11971093896060063
5_cpu8_.idle,-0.12372451243138662
4_cpu8_.idle,-0.12384340060983565
4_cpu16_.idle,-0.12525392720023298
1_cpu20_.idle,-0.1263488232901002
4_cpu6_.idle,-0.12727712170119546
3_cpu17_.idle,-0.12822221121143743
3_cpu19_.idle,-0.1283977567923913
4_all_..idle,-0.12868134325943215
2_cpu6_.idle,-0.13085077314693516
0_cpu0_.idle,-0.13118855883720149
2_cpu10_.idle,-0.13388687924583534
4_cpu0_.idle,-0.13501632990493864
0_inode.nr,-0.13707026032377376
3_cpu21_.idle,-0.13949113148740935
1_cpu14_.idle,-0.14172452854036563
2_cpu22_.idle,-0.1458728981384883
1_dentunusd,-0.1559250469790127
0_kbswpfree,-0.15824850064413024
5_campg.s,-0.15838174945954983
3_X..swpcad,-0.15987301528091363
1_cpu2_.idle,-0.16250079133823167
0_cpu8_.idle,-0.162599613474139
0_all_..idle,-0.1628153628845373
3_all_..idle,-0.16519946259043458
4_kbbuffers,-0.1679253700642331
2_all_..idle,-0.1686543298356254
5_cpu22_.idle,-0.17487923783293147
5_cpu11_.idle,-0.17854102690662574
5_cpu18_.idle,-0.18663130982699178
5_cpu4_.idle,-0.18771785410610656
5_all_..idle,-0.19048431359464224
0_cpu2_.idle,-0.19269126428446465
3_kbswpcad,-0.19770763291525817
1_kbmemused,-0.2029803432011075
1_X..memused,-0.20308392466685293
1_all_..idle,-0.20759278654608418
4_cpu12_.idle,-0.20845770797274368
1_cpu0_.idle,-0.2091435661275353
1_kbbuffers,-0.20931064426952778
1_kbcached,-0.20953586644798924
0_file.nr,-0.21308443408752062
4_X.dev.mapper.cloud..9.root_Iused,-0.21393913674857484
1_X.dev.mapper.cloud..3.root_Iused,-0.220786350501207
4_X..memused,-0.22297904050790418
4_kbmemused,-0.22303256221324072
2_cpu0_.idle,-0.22319128268725072
4_X.dev.mapper.cloud..9.root_.fsused,-0.22512549138198862
4_X.dev.mapper.cloud..9.root_MBfsused,-0.22548760131800882
4_X.dev.mapper.cloud..9.root_.ufsused,-0.22561348330936898
1_kbactive,-0.22592788378110004
4_kbcached,-0.22682289063474542
1_X.dev.mapper.cloud..3.root_.fsused,-0.23380940349246884
1_X.dev.mapper.cloud..3.root_MBfsused,-0.23399584803031667
1_X.dev.mapper.cloud..3.root_.ufsused,-0.2344676353596286
0_X..memused,-0.2380899068474045
0_kbmemused,-0.23811499453703608
3_cpu15_.idle,-0.24296637747838518
0_kbcached,-0.24403294051908656
2_kbmemused,-0.2548037472144861
2_X..memused,-0.2548817058644956
4_kbactive,-0.2553119138812179
5_X.dev.mapper.cloud..5.root_MBfsfree,-0.2563093471299001
0_X.dev.mapper.cloud..2.root_Iused,-0.2564915718681021
2_kbcached,-0.2599126203429139
0_kbactive,-0.2615037196811316
2_X.dev.mapper.cloud..7.root_Iused,-0.264551567966671
3_cpu13_.idle,-0.2670353694664186
2_X.dev.mapper.cloud..7.root_.ufsused,-0.2679219467304671
2_X.dev.mapper.cloud..7.root_MBfsused,-0.268619817024651
2_X.dev.mapper.cloud..7.root_.fsused,-0.2689775115845094
0_X.dev.mapper.cloud..2.root_.fsused,-0.26962486740234437
0_X.dev.mapper.cloud..2.root_MBfsused,-0.2698444927426561
0_X.dev.mapper.cloud..2.root_.ufsused,-0.27054957607080005
5_X.dev.mapper.cloud..5.root_Ifree,-0.27057947815695377
5_kbmemfree,-0.2840505078176794
2_kbactive,-0.30827299578901063
3_X.dev.mapper.cloud..8.root_MBfsused,-0.3148695464159901
3_X.dev.mapper.cloud..8.root_.ufsused,-0.3148856683265026
3_X.dev.mapper.cloud..8.root_Iused,-0.3149421664409422
3_X.dev.mapper.cloud..8.root_.fsused,-0.3152194648572204
3_X..memused,-0.31626036309592204
3_kbmemused,-0.3162669942886836
3_kbcached,-0.31757531664373484
3_kbactive,-0.3289412071756091
1_RxBytes,-0.48060908205811687
43_RxBytes,-0.48325515326560836
42_TxBytes,-0.48374367053958667
5_TxBytes,-0.48562649118347784
35_RxBytes,-0.487179921538733
31_RxBytes,-0.4874540122110846
32_TxBytes,-0.48789851121481137
6_RxBytes,-0.48872876347483285
37_TxBytes,-0.4888527145883702
22_TxBytes,-0.4906274369786568
25_TxBytes,-0.4906513331560585
23_RxBytes,-0.49124472169094363
38_RxBytes,-0.491319234523978
24_RxBytes,-0.49176530323091655
1_RxPacktes,-0.49998713722321836
32_TxPacktes,-0.5034692212431575
43_RxPacktes,-0.5038291080284601
42_TxPacktes,-0.5040141833982371
31_RxPacktes,-0.5047995542243091
1_TxPacktes,-0.5050377144444044
1_TxBytes,-0.5051104526582305
35_RxPacktes,-0.5073017365100455
23_RxPacktes,-0.5095886534815443
22_TxPacktes,-0.5098715032652484
38_RxPacktes,-0.5098937997947133
31_TxBytes,-0.5099422016313733
37_TxPacktes,-0.5099583878743029
5_TxPacktes,-0.5100985271202554
24_RxPacktes,-0.5101685464262293
25_TxPacktes,-0.510349133207004
6_RxPacktes,-0.5111807843446837
43_TxPacktes,-0.5121993688077708
31_TxPacktes,-0.512222591986274
43_TxBytes,-0.5125435098479354
42_RxPacktes,-0.5126939417727614
32_RxPacktes,-0.5131447637005159
32_RxBytes,-0.5136059885801343
35_TxPacktes,-0.5142125883801438
42_RxBytes,-0.5152585751139437
35_TxBytes,-0.5159569778909575
24_TxPacktes,-0.5165346193046679
25_RxPacktes,-0.5166805959450855
38_TxPacktes,-0.5167445531111781
22_RxPacktes,-0.5168099954024761
23_TxPacktes,-0.516829733740124
5_RxPacktes,-0.5168948189039602
37_RxPacktes,-0.5169350307934247
23_TxBytes,-0.5171773363225539
24_TxBytes,-0.5179077143767085
6_TxPacktes,-0.5179459387074907
38_TxBytes,-0.5182320130193129
6_TxBytes,-0.518280200669914
25_RxBytes,-0.5190119759895951
5_RxBytes,-0.5190931385465695
22_RxBytes,-0.5194095868103291
37_RxBytes,-0.5202038952610138
0_cpu1_.iowait,
0_cpu2_.irq,
0_cpu3_.iowait,
0_cpu7_.iowait,
0_cpu9_.iowait,
0_cpu11_.iowait,
0_i118_intr.s,
0_i120_intr.s,
0_pgscand.s,
1_cpu1_.iowait,
1_cpu12_.irq,
1_cpu13_.iowait,
1_cpu15_.iowait,
1_cpu19_.iowait,
1_cpu21_.iowait,
1_cpu23_.iowait,
1_pswpin.s,
1_pswpout.s,
1_majflt.s,
1_pgscank.s,
1_pgscand.s,
1_pgsteal.s,
1_X..vmeff,
1_dev252.1_tps,
1_dev252.1_rd_sec.s,
1_dev252.1_wr_sec.s,
1_dev252.1_avgrq.sz,
1_dev252.1_avgqu.sz,
1_dev252.1_await,
1_dev252.1_svctm,
1_dev252.1_.util,
1_orsts.s,
2_cpu10_.irq,
2_cpu15_.iowait,
2_cpu17_.iowait,
2_cpu19_.iowait,
2_pswpin.s,
2_X..swpused,
2_dev252.1_rd_sec.s,
2_dev252.1_avgqu.sz,
2_dev252.1_await,
2_dev252.1_svctm,
2_dev252.1_.util,
3_cpu4_.iowait,
3_cpu6_.iowait,
3_cpu7_.iowait,
3_cpu8_.iowait,
3_cpu13_.irq,
3_cpu15_.soft,
3_cpu20_.iowait,
3_cpu23_.soft,
3_orsts.s,
4_cpu5_.iowait,
4_cpu9_.iowait,
4_cpu12_.irq,
4_cpu15_.iowait,
4_pgscank.s,
5_cpu1_.iowait,
5_cpu1_.soft,
5_cpu5_.iowait,
5_cpu13_.iowait,
5_cpu15_.iowait,
5_cpu17_.iowait,
5_cpu18_.irq,
5_cpu21_.iowait,
5_pgscand.s,
5_orsts.s,
